original_column,0,1
0,7.224304,0.89649963
1,4.327079,6.46009
2,3.9214945,5.609551
3,11.743325,5.4674716
4,11.244173,7.4315033
