original_column,0,1
0,7.947521,9.226332
1,6.956528,15.760706
2,8.596897,13.775459
3,2.4979036,9.50499
4,9.370449,13.2492895
